/*
SQLyog Ultimate v10.42 
MySQL - 5.0.17-nt : Database - apotek
*********************************************************************
*/

/*!40101 SET NAMES utf8 */;

/*!40101 SET SQL_MODE=''*/;

/*!40014 SET @OLD_UNIQUE_CHECKS=@@UNIQUE_CHECKS, UNIQUE_CHECKS=0 */;
/*!40014 SET @OLD_FOREIGN_KEY_CHECKS=@@FOREIGN_KEY_CHECKS, FOREIGN_KEY_CHECKS=0 */;
/*!40101 SET @OLD_SQL_MODE=@@SQL_MODE, SQL_MODE='NO_AUTO_VALUE_ON_ZERO' */;
/*!40111 SET @OLD_SQL_NOTES=@@SQL_NOTES, SQL_NOTES=0 */;
CREATE DATABASE /*!32312 IF NOT EXISTS*/`apotek` /*!40100 DEFAULT CHARACTER SET latin1 */;

USE `apotek`;

/*Table structure for table `bentuk_obat` */

DROP TABLE IF EXISTS `bentuk_obat`;

CREATE TABLE `bentuk_obat` (
  `kode_bentuk` char(10) NOT NULL default '',
  `nama_bentuk` varchar(50) NOT NULL default ''
) ENGINE=InnoDB DEFAULT CHARSET=latin1;

/*Data for the table `bentuk_obat` */

insert  into `bentuk_obat`(`kode_bentuk`,`nama_bentuk`) values ('B001','TABLET'),('B002','PUYER'),('B003','BOTOL'),('B004','SYRUP'),('B005','SERBUK'),('B006','INJEKSI'),('B007','SUPPOSITORIA'),('B008','SALEP'),('B009','KRIM'),('B010','GEL'),('B011','KAPLET'),('B012','KAPSUL');

/*Table structure for table `dokter` */

DROP TABLE IF EXISTS `dokter`;

CREATE TABLE `dokter` (
  `kode_dokter` char(20) NOT NULL default '',
  `nama_dokter` varchar(30) NOT NULL default '',
  `alamat_praktek` text NOT NULL,
  `telp` varchar(15) NOT NULL default '',
  `fee` int(10) NOT NULL default '0'
) ENGINE=InnoDB DEFAULT CHARSET=latin1;

/*Data for the table `dokter` */

insert  into `dokter`(`kode_dokter`,`nama_dokter`,`alamat_praktek`,`telp`,`fee`) values ('D001','dr. Helly H, SpS','apotek Berkah','123415',10),('D002','dr. Harina','Apotek Berkah','12415',10),('D003','dr. Eko Sugiri, SpPD','Apotek Berkah','12415',10);

/*Table structure for table `dokter_fee` */

DROP TABLE IF EXISTS `dokter_fee`;

CREATE TABLE `dokter_fee` (
  `tanggal` datetime NOT NULL default '0000-00-00 00:00:00',
  `kode_resep` char(10) NOT NULL default '',
  `kode_pembelian` char(15) NOT NULL default '',
  `kode_dokter` varchar(20) NOT NULL default ''
) ENGINE=InnoDB DEFAULT CHARSET=latin1;

/*Data for the table `dokter_fee` */

insert  into `dokter_fee`(`tanggal`,`kode_resep`,`kode_pembelian`,`kode_dokter`) values ('2016-01-29 15:28:58','J1','60129092809','D001'),('2016-01-29 15:31:26','J2','60129093040','D003'),('2016-01-29 15:39:56','J3','60129093850','D002'),('2016-01-29 19:51:35','J4','60129134719','D001'),('2016-01-29 21:26:12','J5','60129151043','D003'),('2016-01-29 21:31:38','J6','60129153114','D001'),('2016-01-30 14:49:18','SU1','60130084909','D002'),('2016-01-30 15:04:52','SU2','60130090440','D001');

/*Table structure for table `golongan_obat` */

DROP TABLE IF EXISTS `golongan_obat`;

CREATE TABLE `golongan_obat` (
  `kode_golongan` char(10) NOT NULL default '',
  `golongan` varchar(50) default ''
) ENGINE=InnoDB DEFAULT CHARSET=latin1;

/*Data for the table `golongan_obat` */

insert  into `golongan_obat`(`kode_golongan`,`golongan`) values ('G001','ANAK-ANAK'),('G002','REMAJA'),('G003','DEWASA'),('G004','SEMUA');

/*Table structure for table `jenis_obat` */

DROP TABLE IF EXISTS `jenis_obat`;

CREATE TABLE `jenis_obat` (
  `kode_jenis` char(10) NOT NULL default '',
  `nama_jenis` varchar(50) NOT NULL default ''
) ENGINE=InnoDB DEFAULT CHARSET=latin1;

/*Data for the table `jenis_obat` */

insert  into `jenis_obat`(`kode_jenis`,`nama_jenis`) values ('J001','ANTIBIOTIK'),('J002','ANALGETIK'),('J003','ANTI INFLAMASI'),('J004','ANTI HEMORRHAGI');

/*Table structure for table `konsumen` */

DROP TABLE IF EXISTS `konsumen`;

CREATE TABLE `konsumen` (
  `tanggal` date NOT NULL default '0000-00-00',
  `kode_pembelian` char(15) NOT NULL default '',
  `nama_konsumen` varchar(50) NOT NULL default '',
  `umur` int(5) NOT NULL default '0',
  `jenis_kelamin` char(10) NOT NULL,
  `alamat` text NOT NULL,
  `telp` varchar(20) NOT NULL default '',
  `kode_dokter` char(20) NOT NULL default '',
  `biaya_racikan` int(15) NOT NULL default '0'
) ENGINE=InnoDB DEFAULT CHARSET=latin1;

/*Data for the table `konsumen` */

insert  into `konsumen`(`tanggal`,`kode_pembelian`,`nama_konsumen`,`umur`,`jenis_kelamin`,`alamat`,`telp`,`kode_dokter`,`biaya_racikan`) values ('2015-12-01','51201103529','indra',20,'pria','ad','00055','D001',0),('2015-12-01','51201104016','as',11,'pria','a','11','D001',0),('2015-12-04','51204041750','rr',11,'pria','rr','11','D002',0),('2015-12-04','51204043509','dd',1,'wanita','d','1','D001',0),('2015-12-04','51204102328','aaaa',1,'pria','asd','1','D002',0),('2015-12-04','51204120548','aa',11,'wanita','a','21','D003',0),('2015-12-22','51222121700','Indra',21,'pria','Pontianak','089693714716','D001',0),('2015-12-22','51222133515','asdas',21,'pria','asd','213','D001',0),('2015-12-23','51223113750','sad',123,'pria','asdasd','312312','D001',0),('2015-12-23','51223114919','indra',21,'pria','pontianak','089693714','D001',0),('2016-01-07','60107050040','sdaads',22,'wanita','asd','213','D001',0),('2016-01-07','60107050209','d',1,'wanita','ad','312','D001',0),('2016-01-07','60107051310','sadsasssfff',2,'wanita','ads','21','D001',0),('2016-01-11','60111030041','d',1,'','d\r\n','2','D001',0),('2016-01-11','60111030523','asd',11,'pria','ad','11','D001',1000),('2016-01-11','60111030850','d',1,'pria','a','2','D001',0),('2016-01-11','60111031108','dd',1,'pria','a','1','D001',0),('2016-01-11','60111031130','da',11,'pria','ad','2','D001',2222),('2016-01-11','60111031157','d1',1,'pria','d','1','D001',0),('2016-01-21','60121035152','s',1,'pria','s','1','D001',1000),('2016-01-21','60121091251','ads',1,'pria','sad','1','D001',500),('2016-01-25','60125034206','asd',1,'pria','a','1','D001',500),('2016-01-25','60125044059','r',5,'wanita','1','11','D001',110),('2016-01-25','60125044834','1',1,'pria','1','1','D001',1),('2016-01-25','60125045011','1',1,'pria','1','1','D001',11),('2016-01-25','60125045803','1',1,'wanita','adsa','1','D001',555),('2016-01-25','60125045902','as',1,'pria','ad','1','D001',444),('2016-01-25','60125050003','11',1,'pria','1','1','D001',5555),('2016-01-25','60125050102','1',1,'pria','a','1','D001',66),('2016-01-25','60125050208','1',1,'pria','1','1','D001',9),('2016-01-25','60125050236','1',1,'pria','1','1','D001',2),('2016-01-25','60125051141','1',1,'pria','1','1','D001',500),('2016-01-27','60127024217','1',1,'pria','asd1','1','D001',123),('2016-01-27','60127113302','ad',12,'pria','1','1','D001',500),('2016-01-27','60127115003','Indra Dwi Putra',88,'pria','asd','5464','D001',3500),('2016-01-28','60128034137','asd',1,'wanita','sad','1','D001',500),('2016-01-28','60128043233','asd',11,'pria','sad','11','D001',3500),('2016-01-29','60129085000','dsavsdg',32,'','gadrrgdgv','12413245','D001',500),('2016-01-29','60129085133','dsfg',12,'wanita','asdfh','14512356','D001',500),('2016-01-29','60129085255','adegsedg',12,'wanita','dsgdshg','1241235','D002',500),('2016-01-29','60129092809','saysa',12,'pria','baning','09867912','D001',500),('2016-01-29','60129093040','deri',27,'pria','sintang','135565','D003',500),('2016-01-29','60129093850','desi',17,'wanita','kota','13536','D002',0),('2016-01-29','60129134719','andri',14,'pria','Sintang','081234563778','D001',0),('2016-01-29','60129151043','drian',13,'pria','Sintang','0000','D003',12500),('2016-01-29','60129153114','a',12,'wanita','wer','000','D001',12345),('2016-01-30','60130084909','ad',1,'pria','ad','1','D002',0),('2016-01-30','60130090440','dsa',11,'wanita','asd','11','D001',11);

/*Table structure for table `obat` */

DROP TABLE IF EXISTS `obat`;

CREATE TABLE `obat` (
  `kode_obat` char(10) NOT NULL default '',
  `no_batch` char(20) NOT NULL default '',
  `kode_golongan` char(10) NOT NULL default '',
  `nama_obat` varchar(100) NOT NULL default '',
  `kode_jenis` char(10) NOT NULL default '',
  `kode_bentuk` char(10) NOT NULL default '',
  `kemasan` varchar(30) NOT NULL default '',
  `harga_kemasan` int(10) NOT NULL default '0',
  `harga_resep` int(10) NOT NULL default '0',
  `harga_nonresep` int(10) NOT NULL default '0',
  `jumlah` int(10) NOT NULL default '0',
  `expired` date NOT NULL default '0000-00-00',
  `stock_obat` int(15) NOT NULL default '0'
) ENGINE=InnoDB DEFAULT CHARSET=latin1;

/*Data for the table `obat` */

insert  into `obat`(`kode_obat`,`no_batch`,`kode_golongan`,`nama_obat`,`kode_jenis`,`kode_bentuk`,`kemasan`,`harga_kemasan`,`harga_resep`,`harga_nonresep`,`jumlah`,`expired`,`stock_obat`) values ('OBT001','505026','G004','ACYCLOVIR 400','J001','B001','Box isi 50',31500,600,600,39,'2009-01-05',0),('OBT002','5D6707','G004','BIOLINCOM TAB 500MG','J001','B001','Box isi 100',554400,6000,6000,300,'2018-01-04',0),('OBT003','3541','G004','CANICOL  500MG','J001','B001','box isi 100',190000,3950,3950,100,'2018-12-05',0),('OBT004','34536','G004','CEFADROXIL CAP','J001','B012','box isi 100',98000,1100,1100,300,'2019-01-11',0),('OBT005','7898y','G004','CEFAT CAP 500 MG','J001','B012','box isi 100',1195000,12000,12000,389,'2018-01-06',0),('OBT006','204076','G004','CEFIXIME 100 MG','J001','B012','Box isi 50',88000,1900,1900,150,'2017-01-08',0),('OBT007','51121108','G004','CIPROFLOXACIN 500MG','J001','B001','box isi 100',53600,550,550,299,'2019-01-11',0),('OBT008','5d0401','G004','CLAMIXIN TAB','J001','B001','box isi 30',407000,13600,13600,30,'2017-01-04',0),('OBT009','123456','G001','COMBANTRIN 250 MG','J001','B001','box isi 100',1280000,12900,12900,400,'0000-00-00',0),('OBT010','d1105','G004','COTRIM 480 MG','J001','B001','box isi 100',50000,650,650,300,'2019-01-04',0),('OBT011','l1069','G004','COTRIM FORTE 960 MG','J001','B001','box isi 100',70000,900,900,300,'2019-10-12',0),('OBT012','42109','G004','DIONICOL 500 ','J001','B012','box isi 100',120000,1500,1500,300,'2018-01-03',0),('OBT013','dd092','G004','DURAMYCIN 500 ','J001','B001','box isi 100',200000,2500,2500,300,'2018-01-04',0),('OBT014','fy54046','G004','GRISEOFULVIN TAB 500','J001','B001','box isi 100',156000,1600,1600,200,'2020-01-06',0),('OBT015','k033edd4','G004','INTERMOXIL 500 MG','J001','B001','box isi 100',336500,3500,3500,300,'2019-01-02',0),('OBT016','151003103','G004','KETOCONAZOLE TAB ','J001','B001','Box isi 50',26000,600,600,100,'2019-01-10',0),('OBT017','15030650','G004','NOVACHLOR 250MG','J001','B001','box isi 100',68500,690,690,300,'2019-01-03',0),('OBT018','151012112','G004','novamox','J001','B001','box isi 100',58000,700,700,1000,'2019-01-10',0),('OBT019','69878','G004','PRAZINA TAB','J001','B001','box isi 100',215600,2250,2250,200,'2020-01-02',0),('OBT020','wm002','G004','PRITALINC 500MG','J001','B001','box isi 60',139000,2400,2400,60,'2017-01-03',0),('OBT021','rh2079','G004','RIFAMTIBI 450MG','J001','B001','box isi 100',500000,5500,5500,400,'2018-01-08',0),('OBT022','rk2411','G004','RIFAMTIBI 600 MG','J001','B001','box isi 100',650000,6900,6900,400,'2018-01-10',0),('OBT023','125tj','G004','TROGYL TAB 500MG','J001','B001','Box isi 50',92400,1900,1900,100,'2016-01-10',0),('OBT024','egt5u','G004','URESIX TAB','J001','B001','box isi 100',95000,950,950,100,'2017-01-06',0),('OBT025','kjjly35','G004','XEPAPRIM FORTE','J001','B001','box isi 100',184800,2000,2000,100,'2017-01-07',0),('OBT026','1506182','G004','ZIBRAMAX 500MG','J001','B001','box isi 6 ',244000,40700,40700,60,'2019-01-07',0),('OBT027','ti34e002','G004','ZYCIN 500 MG','J001','B001','box isi 3',103000,34400,34400,30,'2017-01-06',0),('OBT028','51565077','G004','ARCAMOX SYR','J001','B004','botol 60 ml',33700,33700,33700,3,'2017-01-07',0),('OBT029','50205','G004','CEFADROXIL SYR 125','J001','B004','botol 60 ml',10500,10500,10500,12,'2017-01-05',0),('OBT030','205061','G004','CEFIXIME SYR','J001','B004','botol 60 ml',25000,25000,25000,6,'2017-01-09',0),('OBT031','164','G001','COMBANTRIN SYR','J001','B004','botol',16200,16200,16200,6,'2019-01-09',0),('OBT032','51408','G004','DIONICOL SYR 125','J001','B004','botol',10000,10000,10000,6,'2018-01-08',0),('OBT033','54123','G004','ETAMOXUL SYR','J001','B004','botol',7000,7000,7000,6,'2018-01-10',0),('OBT034','53945','G001','KANDISTATIN DROP','J001','B004','botol',45000,45000,45000,2,'2017-01-09',0),('OBT035','15115181a','G004','NOVACHLOR SYR','J001','B004','botol 60 ml',8500,8500,8500,6,'2019-01-11',0),('OBT036','15092294','G004','NOVAMOX SYR','J001','B004','botol 60 ml',6000,6000,6000,12,'2018-01-09',0),('OBT037','c1480011','G004','PROTAMOX SYR','J001','B004','botol 60 ml',75500,75500,75500,3,'2017-01-07',0),('OBT038','51909','G004','CALCIFAR CAPLET','J002','B011','box isi 100',18000,200,200,300,'2018-01-09',0),('OBT039','cm34305','G004','CDR TWINS','J002','B002','botol',35900,35900,35900,12,'2018-01-09',0),('OBT040','1560043','G004','CURCUMA TAB','J002','B001','box isi 400',320000,850,850,400,'2017-01-09',0),('OBT041','5j6943','G004','DANSERA 200MG','J002','B001','box isi 100',660000,6700,6700,100,'2018-01-09',0),('OBT042','1656302','G004','ENERVON C TAB 30S','J002','B001','botol',33600,33600,33600,6,'2017-01-08',0),('OBT043','13679','G004','FOLAVICAP 400','J002','B001','box isi 100',75200,770,770,200,'2018-01-06',0),('OBT044','sdhiko','G004','HEMOFORT TAB','J002','B001','box isi 400',430000,1100,1100,400,'2018-01-10',0),('OBT045','5k7159','G004','HI-BONE CAP','J002','B001','botol isi 30 ',115000,115000,115000,120,'2019-01-10',0),('OBT046','rh657','G004','HOLISTICARE SUPER ESTER C','J002','B001','botol',39200,39200,39200,6,'2018-01-05',0),('OBT047','657efg','G004','MALTOFER TAB','J002','B001','box isi 30',95000,95000,95000,60,'2020-01-09',0),('OBT048','x0995149','G004','NEUROBION 5000 TAB','J002','B001','box isi 250',700000,2900,2900,500,'2018-01-01',0),('OBT049','684','G004','NEUROBION CAPL','J002','B001','box isi 250',180000,900,900,500,'2017-01-10',0),('OBT050','sdgtrg67','G004','NEUROSANBE 5000','J002','B001','box isi 100',218000,2400,2400,100,'2018-01-10',0),('OBT051','to97e0071','G004','OA  FORTE','J002','B003','botol',360000,360000,360000,50,'2017-01-08',0),('OBT052','354f6548','G004','REBAL PLUS','J002','B001','box isi 100',221800,2300,2300,200,'2017-01-01',0),('OBT053','cm35394','G004','REDOXON EFF ORANGE 10S','J002','B003','botol isi 10',37600,37600,37600,6,'2018-01-10',0),('OBT054','cn32158','G004','RILLUS','J002','B005','box 30 sachet',209500,7000,7000,30,'2017-01-05',0),('OBT055','xo846132','G004','SANGOBION TAB','J002','B001','box isi 250 ',1300000,1300,1300,1000,'2018-12-07',0),('OBT056','1500622','G004','SOHOBION TAB','J001','B001','box isi 200',190000,1000,1000,200,'2017-01-05',0),('OBT057','721567','G004','CEREBROFORT GOLD','J001','B004','botol 100ml',16800,16800,16800,6,'2017-01-01',0),('OBT058','1460443','G001','CURCUMA PLUS DHA SYR KECIL','J002','B004','botol 60 ml',11800,11800,11800,6,'2017-01-07',0),('OBT059','15783124','G001','SAKATONIK ABC','J001','B004','botol',12000,12000,12000,6,'2018-01-01',0),('OBT060','150501','G001','SALMON OIL 30CAP (HAZZELFARM)','J001','B001','botol isi 30',123200,123200,123200,2,'2018-01-05',0),('OBT061','sdghrh789','G001','SALMON OIL 90CAP(HAZZEL FARM)','J002','B001','botol isi 90',352800,352800,352800,2,'2018-01-01',0),('OBT062','1102034','G001','SCOTTS EMULSION VITA','J001','B004','botol 200',25900,25900,25900,4,'2017-01-02',0),('OBT063','bns635488','G001','SCOTTS EMULSION VITA','J002','B004','botol 400 ml',43500,43500,43500,4,'2017-01-02',0),('OBT064','4201053','G004','TOTAL HEALTH OMEGA 3 CIS','J001','B001','botol',100800,100800,100800,4,'2019-01-01',0),('OBT065','x6061','G004','DICLOFLAM TAB50MG','J001','B001','Box isi 50',27200,560,560,100,'2018-01-08',0),('OBT066','nh1961','G004','FARMADOL TAB','J001','B001','box isi 100',34500,360,360,1000,'2019-01-08',0),('OBT067','rhy6793','G004','FARSIFEN 400 (IBUPROFEN)','J002','B001','box isi 100',43500,500,500,300,'2018-01-08',0),('OBT068','dsr7543','G004','fevrin','J002','B001','box isi 100',58600,600,600,300,'2020-01-05',0),('OBT069','to82e015','G004','GITAS PLUS','J003','B001','Box isi 50',180000,2400,2400,250,'2017-01-08',0),('OBT070','k400065','G004','HUFADEXON 0,5','J003','B001','box isi 200',25500,130,130,600,'2020-01-05',0),('OBT071','to90e002','G004','INTIDROL TAB16MG','J003','B001','box isi 20',150000,8150,8150,40,'2017-01-07',0),('OBT072','350890501','G004','KADIFLAM TAB50MG','J002','B001','Box isi 50',184800,3900,3900,100,'2018-01-05',0),('OBT073','uh1686','G004','MELOGRA 15 (MELOXICAM)','J002','B001','Box isi 50',39000,1600,1600,90,'2017-01-08',0),('OBT074','uh1646','G004','MELOGRAM 7,5','J002','B001','box isi 30',30000,1200,1200,90,'2017-01-08',0),('OBT075','205022','G004','METISOL 4 MG','J002','B001','Box isi 50',30000,800,800,150,'2018-01-09',0),('OBT076','728439','G004','NEURALGIN','J002','B001','box isi 100',66000,660,660,100,'2018-01-08',0),('OBT077','hgu145','G004','NOTRITIS','J003','B001','Box isi 50',193600,3900,3900,50,'2019-01-06',0),('OBT078','5a0008','G004','OPISTAN 500','J002','B001','box isi 100',40000,500,500,600,'2020-01-01',0),('OBT079','81580011','G004','PANSTOP TAB','J002','B001','box isi 100',87500,900,900,200,'2020-01-01',0),('OBT080','14687fg','G004','PARAMEX STRIP','J002','B001','box isi 100',190000,475,475,400,'2018-01-10',0),('OBT081','pl2488','G004','POLDANMIG','J002','B001','box isi 100',270000,270,270,400,'2016-02-04',0),('OBT082','b1582070','G004','PONCOFEN TAB500MG','J002','B001','box isi 100',141900,1450,1450,200,'2020-01-07',0),('OBT083','ne2181','G004','RENADINAC 50','J002','B001','box isi 100',30800,500,500,300,'2019-01-05',0),('OBT084','50809','G004','SCOPMA PLUS','J003','B001','box isi 100',172500,2000,2000,100,'2019-01-09',0),('OBT085','21549','G004','TRAMIFEN TAB','J002','B001','box isi 30',240300,8200,8200,60,'2016-01-11',0),('OBT086','a901065','G001','HUFAGRIP 60ML FLU KUNING','J002','B004','botol 60 ml',14900,14900,14900,6,'2018-01-09',0),('OBT087','348l147','G001','PANADOL SIX PLUS SYR 60ML','J002','B004','botol 60 ml',35900,35900,35900,3,'2017-01-10',0),('OBT088','229h144','G001','PANADOLSYR 60ML','J002','B004','botol 60 ml',35900,35900,35900,3,'2016-01-06',0),('OBT089','rj1606','G001','SANMOL DROP','J002','B004','botol 20 ml',18300,18300,18300,6,'2018-01-09',0),('OBT090','rk9769','G004','SANMOL SYR','J002','B004','botol 60 ml',13600,13600,13600,6,'2020-01-10',0),('OBT091','50208','G004','ALLERMAX TAB (CTM)','J003','B001','box isi 100',15000,200,200,300,'2018-01-08',0),('OBT092','0615297','G004','DEXTEEM PLUS ','J003','B001','box isi 100',35000,380,380,300,'2019-01-08',0),('OBT093','t122e012','G004','INTRIZIN TAB','J003','B001','box isi 30',172000,590,590,300,'2017-02-09',0),('OBT094','50403','G004','WINATIN(LORATADINE)','J003','B001','box isi 100',50000,750,750,300,'2019-01-03',0),('OBT095','50110','G004','LERZIN SYR','J003','B004','botol 60 ml',8000,8000,8000,6,'2018-01-10',0),('OBT096','30101488','G004','ALHOHOL 95% 1 LITER','J001','B003','botol 1 liter',72000,72000,72000,6,'2018-01-09',0),('OBT097','12459869','G004','ALKOHOL 70% 100 CC','J001','B003','botol 100 ml',4900,4900,4900,24,'2019-03-01',0),('OBT098','d1091588','G004','ECODINE 10 CC','J001','B003','botol 10 ml',1800,1800,1800,6,'2018-01-08',0),('OBT099','14071588','G004','ECODINE 60 CC','J001','B003','botol 60 ml',6600,6600,6600,6,'2018-01-06',0);

/*Table structure for table `pembelian` */

DROP TABLE IF EXISTS `pembelian`;

CREATE TABLE `pembelian` (
  `tanggal` date NOT NULL default '0000-00-00',
  `kode_pembelian` char(15) NOT NULL default '',
  `kode_obat` char(10) NOT NULL default '',
  `harga_satuan` int(15) NOT NULL default '0',
  `jumlah` int(10) NOT NULL default '0',
  `total` int(15) NOT NULL default '0',
  `tag` char(2) NOT NULL default 'Y',
  PRIMARY KEY  (`kode_pembelian`,`kode_obat`)
) ENGINE=InnoDB DEFAULT CHARSET=latin1;

/*Data for the table `pembelian` */

insert  into `pembelian`(`tanggal`,`kode_pembelian`,`kode_obat`,`harga_satuan`,`jumlah`,`total`,`tag`) values ('2015-12-01','51201103529','OBT001',1000,10,10000,'N'),('2015-12-01','51201103529','OBT002',2000,20,40000,'N'),('2015-12-01','51201104016','OBT004',200,1,200,'N'),('2015-12-04','51204041750','OBT007',3000,7,21000,'N'),('2015-12-04','51204041750','OBT010',1300,10,13000,'N'),('2015-12-04','51204043509','OBT007',3000,43,129000,'N'),('2015-12-04','51204102328','OBT001',1000,1,1000,'N'),('2015-12-04','51204102328','OBT002',2000,1,2000,'N'),('2015-12-04','51204102328','OBT005',22,1,22,'N'),('2015-12-04','51204102328','OBT006',500,1,500,'N'),('2015-12-04','51204120548','OBT007',3000,20,60000,'N'),('2015-12-11','51211090042','OBT001',1000,20,20000,'N'),('2015-12-22','51222120453','OBT001',1000,5,5000,'N'),('2015-12-22','51222120648','OBT001',1000,2,2000,'N'),('2015-12-22','51222120923','OBT001',1000,1,1000,'N'),('2015-12-22','51222121028','OBT001',1000,2,2000,'N'),('2015-12-22','51222121052','OBT001',1000,1,1000,'N'),('2015-12-22','51222121106','OBT001',1000,1,1000,'N'),('2015-12-22','51222121130','OBT001',1000,15,15000,'N'),('2015-12-22','51222121700','OBT001',1000,3,3000,'N'),('2015-12-22','51222133450','OBT001',1000,10,10000,'N'),('2015-12-22','51222133515','OBT001',1000,20,20000,'N'),('2015-12-23','51223113750','OBT001',1000,90,90000,'N'),('2015-12-23','51223113750','OBT002',2000,90,180000,'N'),('2015-12-23','51223113750','OBT003',5001,11,55011,'N'),('2015-12-23','51223113750','OBT004',200,190,38000,'N'),('2015-12-23','51223113750','OBT005',22,113,2486,'N'),('2015-12-23','51223114919','OBT001',1000,6,6000,'N'),('2015-12-23','51223114919','OBT002',2000,9,18000,'N'),('2015-12-23','51223115004','OBT001',1000,10,10000,'N'),('2015-12-23','51223115004','OBT002',2000,10,20000,'N'),('2016-01-07','60107032904','OBT001',1000,1,1000,'N'),('2016-01-07','60107032904','OBT002',2000,2,4000,'N'),('2016-01-07','60107033102','OBT001',1000,1,1000,'N'),('2016-01-07','60107042318','OBT001',1000,5,5000,'N'),('2016-01-07','60107042400','OBT003',5001,3,15003,'N'),('2016-01-07','60107045225','OBT001',1000,44,44000,'N'),('2016-01-07','60107045354','OBT003',5001,3,15003,'N'),('2016-01-07','60107045414','OBT002',0,2,0,'N'),('2016-01-07','60107045532','OBT001',0,3,0,'N'),('2016-01-07','60107050040','OBT003',5001,4,20004,'N'),('2016-01-07','60107050209','OBT001',1000,1,1000,'N'),('2016-01-07','60107050323','OBT001',0,1,0,'N'),('2016-01-07','60107050705','OBT001',1000,2,2000,'N'),('2016-01-07','60107050759','OBT001',10000,3,30000,'N'),('2016-01-07','60107051302','OBT003',6001,2,12002,'N'),('2016-01-07','60107051310','OBT003',5001,2,10002,'N'),('2016-01-11','60111030041','',0,0,0,'N'),('2016-01-11','60111030523','OBT002',2000,10,20000,'N'),('2016-01-11','60111030621','OBT003',5001,11,55011,'N'),('2016-01-11','60111030645','OBT001',1000,1,1000,'N'),('2016-01-11','60111030715','OBT003',5001,10,50010,'N'),('2016-01-11','60111030850','OBT003',5001,2,10002,'N'),('2016-01-11','60111031108','OBT001',1000,1,1000,'N'),('2016-01-11','60111031130','OBT001',1000,1,1000,'N'),('2016-01-11','60111031130','OBT003',5001,2,10002,'N'),('2016-01-11','60111031157','OBT003',5001,1,5001,'N'),('2016-01-21','60121035152','OBT002',2000,1,2000,'N'),('2016-01-21','60121054645','OBT001',10000,10,100000,'N'),('2016-01-21','60121091251','OBT002',2000,1,2000,'N'),('2016-01-25','60125034206','OBT002',2000,1,2000,'N'),('2016-01-25','60125044059','OBT001',1000,1,1000,'N'),('2016-01-25','60125044834','OBT002',2000,1,2000,'N'),('2016-01-25','60125045011','OBT001',1000,1,1000,'N'),('2016-01-25','60125045803','OBT002',2000,1,2000,'N'),('2016-01-25','60125045902','OBT001',1000,1,1000,'N'),('2016-01-25','60125050003','OBT002',2000,10,20000,'N'),('2016-01-25','60125050102','OBT002',2000,11,22000,'N'),('2016-01-25','60125050208','OBT001',1000,11,11000,'N'),('2016-01-25','60125050236','OBT002',2000,100,200000,'N'),('2016-01-25','60125051141','OBT001',1000,1,1000,'N'),('2016-01-27','60127024217','OBT001',1000,1,1000,'N'),('2016-01-27','60127024336','OBT001',1500,2,3000,'N'),('2016-01-27','60127113302','OBT002',700,10,7000,'N'),('2016-01-27','60127115003','OBT001',1000,4,4000,'N'),('2016-01-27','60127115003','OBT002',700,1,700,'N'),('2016-01-28','60128034131','OBT001',1500,2,3000,'N'),('2016-01-28','60128034137','OBT001',1000,2,2000,'N'),('2016-01-28','60128043233','OBT001',1000,5,5000,'N'),('2016-01-28','60128043233','OBT002',700,2,1400,'N'),('2016-01-29','60129085000','OBT001',1000,10,10000,'N'),('2016-01-29','60129085133','OBT001',1000,20,20000,'N'),('2016-01-29','60129085255','OBT001',1000,15,15000,'N'),('2016-01-29','60129092750','OBT001',44721,10,447210,'N'),('2016-01-29','60129092809','OBT002',12632,10,126320,'N'),('2016-01-29','60129093040','OBT003',2613,20,52260,'N'),('2016-01-29','60129093850','OBT002',13000,10,130000,'N'),('2016-01-29','60129134719','OBT001',47916,20,958320,'N'),('2016-01-29','60129151043','OBT001',47916,10,479160,'N'),('2016-01-29','60129151043','OBT002',13000,10,130000,'N'),('2016-01-29','60129153114','OBT001',47916,11,527076,'N'),('2016-01-29','60129153114','OBT002',13000,12,156000,'N'),('2016-01-29','60129153947','OBT001',44721,9,402489,'N'),('2016-01-29','60129153947','OBT004',2200,1,2200,'N'),('2016-01-30','60130084832','OBT001',600,111,66600,'N'),('2016-01-30','60130084909','OBT005',12000,11,132000,'N'),('2016-01-30','60130090440','OBT007',550,1,550,'N');

/*Table structure for table `pembelian_array` */

DROP TABLE IF EXISTS `pembelian_array`;

CREATE TABLE `pembelian_array` (
  `tanggal` date default '0000-00-00',
  `kode_pembelian` char(15) NOT NULL,
  `kode_obat` text,
  `jumlah` text
) ENGINE=InnoDB DEFAULT CHARSET=latin1;

/*Data for the table `pembelian_array` */

insert  into `pembelian_array`(`tanggal`,`kode_pembelian`,`kode_obat`,`jumlah`) values ('2015-12-01','51201103529','OBT002,OBT001','20,10'),('2015-12-01','51201104016','OBT004','1'),('2015-12-04','51204041750','OBT010,OBT007','10,7'),('2015-12-04','51204043509','OBT007','43'),('2015-12-04','51204102328','OBT002,OBT001,OBT005,OBT006','1,1,1,1'),('2015-12-04','51204120548','OBT007','20'),('2015-12-11','51211090042','OBT001','20'),('2015-12-22','51222120453','OBT001','5'),('2015-12-22','51222120648','OBT001','2'),('2015-12-22','51222120923','OBT001','1'),('2015-12-22','51222121028','OBT001','2'),('2015-12-22','51222121052','OBT001','1'),('2015-12-22','51222121106','OBT001','1'),('2015-12-22','51222121130','OBT001','15'),('2015-12-22','51222121700','OBT001','3'),('2015-12-22','51222133450','OBT001','10'),('2015-12-22','51222133515','OBT001','20'),('2015-12-23','51223113750','OBT001,OBT002,OBT003,OBT004,OBT005','90,90,11,190,113'),('2015-12-23','51223114919','OBT001,OBT002','6,9'),('2015-12-23','51223115004','OBT001,OBT002','10,10'),('2016-01-07','60107032904','OBT001,OBT002','1,2'),('2016-01-07','60107033102','OBT001','1'),('2016-01-07','60107042318','OBT001','5'),('2016-01-07','60107042400','OBT003','3'),('2016-01-07','60107045225','OBT001','44'),('2016-01-07','60107045354','OBT003','3'),('2016-01-07','60107045414','OBT002','2'),('2016-01-07','60107045532','OBT001','3'),('2016-01-07','60107050040','OBT003','4'),('2016-01-07','60107050209','OBT001','1'),('2016-01-07','60107050323','OBT001','1'),('2016-01-07','60107050705','OBT001','2'),('2016-01-07','60107050759','OBT001','3'),('2016-01-07','60107051302','OBT003','2'),('2016-01-07','60107051310','OBT003','2'),('2016-01-11','60111030041','',''),('2016-01-11','60111030523','OBT002','10'),('2016-01-11','60111030621','OBT003','11'),('2016-01-11','60111030645','OBT001','1'),('2016-01-11','60111030715','OBT003','10'),('2016-01-11','60111030850','OBT003','2'),('2016-01-11','60111031108','OBT001','1'),('2016-01-11','60111031130','OBT001,OBT003','1,2'),('2016-01-11','60111031157','OBT003','1'),('2016-01-21','60121035152','OBT002','1'),('2016-01-21','60121054645','OBT001','10'),('2016-01-21','60121091251','OBT002','1'),('2016-01-25','60125034206','OBT002','1'),('2016-01-25','60125044059','OBT001','1'),('2016-01-25','60125044834','OBT002','1'),('2016-01-25','60125045011','OBT001','1'),('2016-01-25','60125045803','OBT002','1'),('2016-01-25','60125045902','OBT001','1'),('2016-01-25','60125050003','OBT002','10'),('2016-01-25','60125050102','OBT002','11'),('2016-01-25','60125050208','OBT001','11'),('2016-01-25','60125050236','OBT002','100'),('2016-01-25','60125051141','OBT001','1'),('2016-01-27','60127024217','OBT001','1'),('2016-01-27','60127024336','OBT001','2'),('2016-01-27','60127113302','OBT002','10'),('2016-01-27','60127115003','OBT001,OBT002','4,1'),('2016-01-28','60128034131','OBT001','2'),('2016-01-28','60128034137','OBT001','2'),('2016-01-28','60128043233','OBT001,OBT002','5,2'),('2016-01-29','60129085000','OBT001','10'),('2016-01-29','60129085133','OBT001','20'),('2016-01-29','60129085255','OBT001','15'),('2016-01-29','60129092750','OBT001','10'),('2016-01-29','60129092809','OBT002','10'),('2016-01-29','60129093040','OBT003','20'),('2016-01-29','60129093850','OBT002','10'),('2016-01-29','60129134719','OBT001','20'),('2016-01-29','60129151043','OBT001,OBT002','10,10'),('2016-01-29','60129153114','OBT001,OBT002','11,12'),('2016-01-29','60129153947','OBT001,OBT004','9,1'),('2016-01-30','60130084832','OBT001','111'),('2016-01-30','60130084909','OBT005','11'),('2016-01-30','60130090440','OBT007','1');

/*Table structure for table `pembelian_jumlah` */

DROP TABLE IF EXISTS `pembelian_jumlah`;

CREATE TABLE `pembelian_jumlah` (
  `tanggal` date NOT NULL default '0000-00-00',
  `kode_pembelian` char(15) NOT NULL default '',
  `kode_obat` char(10) NOT NULL default '',
  `jumlah` int(10) NOT NULL default '0',
  PRIMARY KEY  (`kode_pembelian`,`kode_obat`)
) ENGINE=InnoDB DEFAULT CHARSET=latin1;

/*Data for the table `pembelian_jumlah` */

/*Table structure for table `stock_keluar` */

DROP TABLE IF EXISTS `stock_keluar`;

CREATE TABLE `stock_keluar` (
  `tanggal` datetime NOT NULL default '0000-00-00 00:00:00',
  `kode_obat` char(15) NOT NULL default '',
  `kode_pembelian` char(15) NOT NULL default '',
  `stock_keluar` int(15) NOT NULL default '0',
  `tag` char(2) NOT NULL default 'Y',
  `tag_jual` char(2) NOT NULL default ''
) ENGINE=InnoDB DEFAULT CHARSET=latin1;

/*Data for the table `stock_keluar` */

insert  into `stock_keluar`(`tanggal`,`kode_obat`,`kode_pembelian`,`stock_keluar`,`tag`,`tag_jual`) values ('2016-01-30 14:48:32','OBT001','60130084832',111,'N',''),('2016-01-30 14:49:18','OBT005','60130084909',11,'N',''),('2016-01-30 15:04:52','OBT007','60130090440',1,'N','');

/*Table structure for table `stock_masuk` */

DROP TABLE IF EXISTS `stock_masuk`;

CREATE TABLE `stock_masuk` (
  `tanggal` datetime NOT NULL default '0000-00-00 00:00:00',
  `no_batch` char(20) NOT NULL default '',
  `kode_obat` char(15) NOT NULL default '',
  `nama_obat` varchar(50) NOT NULL default '',
  `stock_masuk` int(15) NOT NULL default '0',
  `kardaluarsa` date NOT NULL default '0000-00-00',
  `tag` char(2) NOT NULL default 'Y'
) ENGINE=InnoDB DEFAULT CHARSET=latin1;

/*Data for the table `stock_masuk` */

insert  into `stock_masuk`(`tanggal`,`no_batch`,`kode_obat`,`nama_obat`,`stock_masuk`,`kardaluarsa`,`tag`) values ('2016-01-30 08:46:36','505026','OBT001','ACYCLOVIR 400',150,'2009-01-05','Y'),('2016-01-30 08:48:53','5D6707','OBT002','BIOLINCOM TAB 500MG',300,'2018-01-04','Y'),('2016-01-30 08:51:18','3541','OBT003','CANICOL  500MG',100,'2018-12-05','Y'),('2016-01-30 08:52:54','34536','OBT004','CEFADROXIL CAP',300,'2019-01-11','Y'),('2016-01-30 08:55:24','7898y','OBT005','CEFAT CAP 500 MG',400,'2018-01-06','Y'),('2016-01-30 08:58:01','204076','OBT006','CEFIXIME 100 MG',150,'2017-01-08','Y'),('2016-01-30 08:59:55','51121108','OBT007','CIPROFLOXACIN 500MG',300,'2019-01-11','Y'),('2016-01-30 09:02:29','5d0401','OBT008','CLAMIXIN TAB',30,'2017-01-04','Y'),('2016-01-30 09:04:53','123456','OBT009','COMBANTRIN 250 MG',400,'0000-00-00','Y'),('2016-01-30 09:06:35','d1105','OBT010','COTRIM 480 MG',300,'2019-01-04','Y'),('2016-01-30 09:07:58','l1069','OBT011','COTRIM FORTE 960 MG',300,'2019-10-12','Y'),('2016-01-30 09:09:15','42109','OBT012','DIONICOL 500 ',300,'2018-01-03','Y'),('2016-01-30 09:10:42','dd092','OBT013','DURAMYCIN 500 ',300,'2018-01-04','Y'),('2016-01-30 09:19:12','fy54046','OBT014','GRISEOFULVIN TAB 500',200,'2020-01-06','Y'),('2016-01-30 09:26:44','k033edd4','OBT015','INTERMOXIL 500 MG',300,'2019-01-02','Y'),('2016-01-30 09:28:11','151003103','OBT016','KETOCONAZOLE TAB ',100,'2019-01-10','Y'),('2016-01-30 09:29:36','15030650','OBT017','NOVACHLOR 250MG',300,'2019-01-03','Y'),('2016-01-30 09:31:02','151012112','OBT018','novamox',1000,'2019-01-10','Y'),('2016-01-30 09:35:31','69878','OBT019','PRAZINA TAB',200,'2020-01-02','Y'),('2016-01-30 09:38:49','wm002','OBT020','PRITALINC 500MG',60,'2017-01-03','Y'),('2016-01-30 09:40:24','rh2079','OBT021','RIFAMTIBI 450MG',400,'2018-01-08','Y'),('2016-01-30 10:05:00','rk2411','OBT022','RIFAMTIBI 600 MG',400,'2018-01-10','Y'),('2016-01-30 10:07:23','125tj','OBT023','TROGYL TAB 500MG',100,'2016-01-10','Y'),('2016-01-30 10:08:45','egt5u','OBT024','URESIX TAB',100,'2017-01-06','Y'),('2016-01-30 10:10:07','kjjly35','OBT025','XEPAPRIM FORTE',100,'2017-01-07','Y'),('2016-01-30 10:12:47','1506182','OBT026','ZIBRAMAX 500MG',60,'2019-01-07','Y'),('2016-01-30 10:15:05','ti34e002','OBT027','ZYCIN 500 MG',30,'2017-01-06','Y'),('2016-01-30 10:19:38','51565077','OBT028','ARCAMOX SYR',3,'2017-01-07','Y'),('2016-01-30 10:20:52','50205','OBT029','CEFADROXIL SYR 125',12,'2017-01-05','Y'),('2016-01-30 10:21:51','205061','OBT030','CEFIXIME SYR',6,'2017-01-09','Y'),('2016-01-30 10:24:17','164','OBT031','COMBANTRIN SYR',6,'2019-01-09','Y'),('2016-01-30 10:25:32','51408','OBT032','DIONICOL SYR 125',6,'2018-01-08','Y'),('2016-01-30 10:28:14','54123','OBT033','ETAMOXUL SYR',6,'2018-01-10','Y'),('2016-01-30 10:29:49','53945','OBT034','KANDISTATIN DROP',2,'2017-01-09','Y'),('2016-01-30 10:30:56','15115181a','OBT035','NOVACHLOR SYR',6,'2019-01-11','Y'),('2016-01-30 10:31:59','15092294','OBT036','NOVAMOX SYR',12,'2018-01-09','Y'),('2016-01-30 10:33:45','c1480011','OBT037','PROTAMOX SYR',3,'2017-01-07','Y'),('2016-01-30 10:41:23','51909','OBT038','CALCIFAR CAPLET',300,'2018-01-09','Y'),('2016-01-30 10:43:35','cm34305','OBT039','CDR TWINS',12,'2018-01-09','Y'),('2016-01-30 10:48:37','1560043','OBT040','CURCUMA TAB',400,'2017-01-09','Y'),('2016-01-30 10:50:40','5j6943','OBT041','DANSERA 200MG',100,'2018-01-09','Y'),('2016-01-30 11:04:24','1656302','OBT042','ENERVON C TAB 30S',6,'2017-01-08','Y'),('2016-01-30 11:05:57','13679','OBT043','FOLAVICAP 400',200,'2018-01-06','Y'),('2016-01-30 11:07:30','sdhiko','OBT044','HEMOFORT TAB',400,'2018-01-10','Y'),('2016-01-30 11:10:04','5k7159','OBT045','HI-BONE CAP',120,'2019-01-10','Y'),('2016-01-30 11:29:03','rh657','OBT046','HOLISTICARE SUPER ESTER C',6,'2018-01-05','Y'),('2016-01-30 11:31:27','657efg','OBT047','MALTOFER TAB',60,'2020-01-09','Y'),('2016-01-30 11:35:23','x0995149','OBT048','NEUROBION 5000 TAB',500,'2018-01-01','Y'),('2016-01-30 11:36:53','684','OBT049','NEUROBION CAPL',500,'2017-01-10','Y'),('2016-01-30 11:38:43','sdgtrg67','OBT050','NEUROSANBE 5000',100,'2018-01-10','Y'),('2016-01-30 11:40:34','to97e0071','OBT051','OA  FORTE',50,'2017-01-08','Y'),('2016-01-30 11:41:59','354f6548','OBT052','REBAL PLUS',200,'2017-01-01','Y'),('2016-01-30 11:43:22','cm35394','OBT053','REDOXON EFF ORANGE 10S',6,'2018-01-10','Y'),('2016-01-30 11:45:15','cn32158','OBT054','RILLUS',30,'2017-01-05','Y'),('2016-01-30 11:47:16','xo846132','OBT055','SANGOBION TAB',1000,'2018-12-07','Y'),('2016-01-30 11:48:34','1500622','OBT056','SOHOBION TAB',200,'2017-01-05','Y'),('2016-01-30 11:50:02','721567','OBT057','CEREBROFORT GOLD',6,'2017-01-01','Y'),('2016-01-30 11:51:08','1460443','OBT058','CURCUMA PLUS DHA SYR KECIL',6,'2017-01-07','Y'),('2016-01-30 11:52:06','15783124','OBT059','SAKATONIK ABC',6,'2018-01-01','Y'),('2016-01-30 11:53:35','150501','OBT060','SALMON OIL 30CAP (HAZZELFARM)',2,'2018-01-05','Y'),('2016-01-30 11:55:33','sdghrh789','OBT061','SALMON OIL 90CAP(HAZZEL FARM)',2,'2018-01-01','Y'),('2016-01-30 11:57:38','1102034','OBT062','SCOTTS EMULSION VITA',4,'2017-01-02','Y'),('2016-01-30 11:58:48','bns635488','OBT063','SCOTTS EMULSION VITA',4,'2017-01-02','Y'),('2016-01-30 12:00:02','4201053','OBT064','TOTAL HEALTH OMEGA 3 CIS',4,'2019-01-01','Y'),('2016-01-30 12:01:46','x6061','OBT065','DICLOFLAM TAB50MG',100,'2018-01-08','Y'),('2016-01-30 12:03:51','nh1961','OBT066','FARMADOL TAB',1000,'2019-01-08','Y'),('2016-01-30 12:06:28','rhy6793','OBT067','FARSIFEN 400 (IBUPROFEN)',300,'2018-01-08','Y'),('2016-01-30 12:07:57','dsr7543','OBT068','fevrin',300,'2020-01-05','Y'),('2016-01-30 12:09:41','to82e015','OBT069','GITAS PLUS',250,'2017-01-08','Y'),('2016-01-30 12:11:15','k400065','OBT070','HUFADEXON 0,5',600,'2020-01-05','Y'),('2016-01-30 12:26:50','to90e002','OBT071','INTIDROL TAB16MG',40,'2017-01-07','Y'),('2016-01-30 12:29:03','350890501','OBT072','KADIFLAM TAB50MG',100,'2018-01-05','Y'),('2016-01-30 12:33:11','uh1686','OBT073','MELOGRA 15 (MELOXICAM)',90,'2017-01-08','Y'),('2016-01-30 12:34:33','uh1646','OBT074','MELOGRAM 7,5',90,'2017-01-08','Y'),('2016-01-30 12:36:12','205022','OBT075','METISOL 4 MG',150,'2018-01-09','Y'),('2016-01-30 12:37:36','728439','OBT076','NEURALGIN',100,'2018-01-08','Y'),('2016-01-30 12:39:12','hgu145','OBT077','NOTRITIS',50,'2019-01-06','Y'),('2016-01-30 12:43:24','5a0008','OBT078','OPISTAN 500',600,'2020-01-01','Y'),('2016-01-30 12:45:19','81580011','OBT079','PANSTOP TAB',200,'2020-01-01','Y'),('2016-01-30 12:50:25','14687fg','OBT080','PARAMEX STRIP',400,'2018-01-10','Y'),('2016-01-30 12:53:27','pl2488','OBT081','POLDANMIG',400,'2016-02-04','Y'),('2016-01-30 12:55:04','b1582070','OBT082','PONCOFEN TAB500MG',200,'2020-01-07','Y'),('2016-01-30 12:56:13','ne2181','OBT083','RENADINAC 50',300,'2019-01-05','Y'),('2016-01-30 12:57:30','50809','OBT084','SCOPMA PLUS',100,'2019-01-09','Y'),('2016-01-30 12:59:26','21549','OBT085','TRAMIFEN TAB',60,'2016-01-11','Y'),('2016-01-30 13:01:23','a901065','OBT086','HUFAGRIP 60ML FLU KUNING',6,'2018-01-09','Y'),('2016-01-30 13:03:04','348l147','OBT087','PANADOL SIX PLUS SYR 60ML',3,'2017-01-10','Y'),('2016-01-30 13:04:28','229h144','OBT088','PANADOLSYR 60ML',3,'2016-01-06','Y'),('2016-01-30 13:06:12','rj1606','OBT089','SANMOL DROP',6,'2018-01-09','Y'),('2016-01-30 13:07:22','rk9769','OBT090','SANMOL SYR',6,'2020-01-10','Y'),('2016-01-30 13:09:10','50208','OBT091','ALLERMAX TAB (CTM)',300,'2018-01-08','Y'),('2016-01-30 13:13:37','0615297','OBT092','DEXTEEM PLUS ',300,'2019-01-08','Y'),('2016-01-30 13:16:47','t122e012','OBT093','INTRIZIN TAB',300,'2017-02-09','Y'),('2016-01-30 13:20:03','50403','OBT094','WINATIN(LORATADINE)',300,'2019-01-03','Y'),('2016-01-30 13:21:27','50110','OBT095','LERZIN SYR',6,'2018-01-10','Y'),('2016-01-30 13:23:03','30101488','OBT096','ALHOHOL 95% 1 LITER',6,'2018-01-09','Y'),('2016-01-30 13:24:27','12459869','OBT097','ALKOHOL 70% 100 CC',24,'2019-03-01','Y'),('2016-01-30 13:26:00','d1091588','OBT098','ECODINE 10 CC',6,'2018-01-08','Y'),('2016-01-30 13:27:08','14071588','OBT099','ECODINE 60 CC',6,'2018-01-06','Y');

/*Table structure for table `stock_obat` */

DROP TABLE IF EXISTS `stock_obat`;

CREATE TABLE `stock_obat` (
  `kode_stock` char(10) NOT NULL default '',
  `jumlah_stock` int(10) NOT NULL default '0'
) ENGINE=InnoDB DEFAULT CHARSET=latin1;

/*Data for the table `stock_obat` */

insert  into `stock_obat`(`kode_stock`,`jumlah_stock`) values ('S001',10),('S002',6);

/* Trigger structure for table `obat` */

DELIMITER $$

/*!50003 DROP TRIGGER*//*!50032 IF EXISTS */ /*!50003 `insert_obat` */$$

/*!50003 CREATE */ /*!50017 DEFINER = 'root'@'%' */ /*!50003 TRIGGER `insert_obat` AFTER INSERT ON `obat` FOR EACH ROW  BEGIN
INSERT INTO stock_masuk (tanggal,no_batch,kode_obat,nama_obat,stock_masuk,kardaluarsa) VALUES (CURRENT_TIMESTAMP,new.no_batch,new.kode_obat,new.nama_obat,new.jumlah,new.expired);
    END */$$


DELIMITER ;

/* Trigger structure for table `pembelian` */

DELIMITER $$

/*!50003 DROP TRIGGER*//*!50032 IF EXISTS */ /*!50003 `insert_pembelian` */$$

/*!50003 CREATE */ /*!50017 DEFINER = 'root'@'%' */ /*!50003 TRIGGER `insert_pembelian` AFTER INSERT ON `pembelian` FOR EACH ROW  BEGIN
INSERT INTO stock_keluar (tanggal,kode_obat,kode_pembelian,stock_keluar) VALUES (CURRENT_TIMESTAMP,new.kode_obat,new.kode_pembelian,new.jumlah);
    END */$$


DELIMITER ;

/* Trigger structure for table `stock_masuk` */

DELIMITER $$

/*!50003 DROP TRIGGER*//*!50032 IF EXISTS */ /*!50003 `insert stock_masuk` */$$

/*!50003 CREATE */ /*!50017 DEFINER = 'root'@'%' */ /*!50003 TRIGGER `insert stock_masuk` AFTER INSERT ON `stock_masuk` FOR EACH ROW  BEGIN
/*UPDATE obat SET stock_obat = stock_obat + new.stock_masuk where kode_obat = new.kode_obat;*/
    END */$$


DELIMITER ;

/*!40101 SET SQL_MODE=@OLD_SQL_MODE */;
/*!40014 SET FOREIGN_KEY_CHECKS=@OLD_FOREIGN_KEY_CHECKS */;
/*!40014 SET UNIQUE_CHECKS=@OLD_UNIQUE_CHECKS */;
/*!40111 SET SQL_NOTES=@OLD_SQL_NOTES */;
